category,id,severity,offence_code
bicycle-theft,131028127,4,BT7K2
bicycle-theft,131027906,1,BT7K2
bicycle-theft,131028787,3,BT7K2
burglary,131032045,2,B9UR3
burglary,131025358,4,B9UR3
burglary,131027933,1,B9UR3
burglary,131028571,2,B9UR3
burglary,131027200,3,B9UR3
burglary,131028047,1,B9UR3
burglary,131026728,4,B9UR3
criminal-damage-arson,131026084,3,CDA1X
criminal-damage-arson,131029999,4,CDA1X
criminal-damage-arson,131030081,2,CDA1X
criminal-damage-arson,131029432,1,CDA1X
criminal-damage-arson,131030022,3,CDA1X
criminal-damage-arson,131029978,1,CDA1X
criminal-damage-arson,131032084,4,CDA1X
criminal-damage-arson,131032115,1,CDA1X
criminal-damage-arson,131031739,2,CDA1X
criminal-damage-arson,131024906,3,CDA1X
criminal-damage-arson,131031582,4,CDA1X
criminal-damage-arson,131024944,1,CDA1X
criminal-damage-arson,131030694,2,CDA1X
criminal-damage-arson,131030708,4,CDA1X
criminal-damage-arson,131028911,3,CDA1X
criminal-damage-arson,131030196,2,CDA1X
criminal-damage-arson,131030769,1,CDA1X
criminal-damage-arson,131031809,3,CDA1X
criminal-damage-arson,131028352,4,CDA1X
criminal-damage-arson,131029702,3,CDA1X
criminal-damage-arson,131031176,2,CDA1X
criminal-damage-arson,131030624,1,CDA1X
criminal-damage-arson,131025043,4,CDA1X
criminal-damage-arson,131030633,3,CDA1X
criminal-damage-arson,131027639,2,CDA1X
criminal-damage-arson,131026458,1,CDA1X
drugs,131026351,3,DR8G5
drugs,131029072,3,DR8G5
drugs,131029122,4,DR8G5
drugs,131027845,2,DR8G5
drugs,131028939,1,DR8G5
drugs,131029470,4,DR8G5
drugs,131031000,1,DR8G5
drugs,131026700,2,DR8G5
drugs,131026888,4,DR8G5
drugs,131026532,3,DR8G5
drugs,131028034,2,DR8G5
drugs,131032186,3,DR8G5
drugs,131025468,1,DR8G5
drugs,131027580,2,DR8G5
other-theft,131031398,2,OT4H2
other-theft,131030671,4,OT4H2
other-theft,131030051,3,OT4H2
other-theft,131025499,1,OT4H2
other-theft,131029697,2,OT4H2
other-theft,131025344,1,OT4H2
other-theft,131030821,4,OT4H2
other-theft,131030625,3,OT4H2
other-theft,131029512,2,OT4H2
other-theft,131026515,4,OT4H2
other-theft,131027771,1,OT4H2
other-theft,131030159,3,OT4H2
other-theft,131030967,4,OT4H2
other-theft,131032063,2,OT4H2
other-theft,131027380,1,OT4H2
other-theft,131028725,3,OT4H2
other-theft,131030052,1,OT4H2
possession-of-weapons,131027894,4,POW7Q
possession-of-weapons,131032148,2,POW7Q
possession-of-weapons,131028578,1,POW7Q
public-order,117344680,2,P0R9D
public-order,117355065,4,P0R9D
public-order,117345855,3,P0R9D
public-order,117354797,1,P0R9D
public-order,117347447,3,P0R9D
public-order,117357192,4,P0R9D
public-order,117344401,1,P0R9D
public-order,117352174,2,P0R9D
public-order,117345558,4,P0R9D
public-order,117357494,3,P0R9D
public-order,117345915,1,P0R9D
public-order,117356063,3,P0R9D
public-order,117349414,4,P0R9D
public-order,117352294,2,P0R9D
public-order,117352603,4,P0R9D
public-order,117352724,3,P0R9D
public-order,117348038,1,P0R9D
public-order,117352832,4,P0R9D
public-order,117348089,3,P0R9D
public-order,117353480,1,P0R9D
public-order,117347983,2,P0R9D
public-order,117344667,3,P0R9D
public-order,117353950,4,P0R9D
public-order,117358859,1,P0R9D
public-order,117352774,2,P0R9D
public-order,117354630,4,P0R9D
public-order,117351892,3,P0R9D
public-order,117355033,1,P0R9D
public-order,117344641,2,P0R9D
public-order,117352865,3,P0R9D
public-order,117349302,4,P0R9D
public-order,117352501,1,P0R9D
public-order,117349181,2,P0R9D
robbery,131031662,2,ROB3Y
robbery,131030729,3,ROB3Y
robbery,131030734,4,ROB3Y
shoplifting,131025348,1,SH0P7
shoplifting,131026695,4,SH0P7
shoplifting,131025338,4,SH0P7
shoplifting,131026419,2,SH0P7
shoplifting,131027437,3,SH0P7
shoplifting,131030845,1,SH0P7
shoplifting,131030959,2,SH0P7
shoplifting,131027293,4,SH0P7
shoplifting,131028414,2,SH0P7
shoplifting,131030960,1,SH0P7
shoplifting,131026280,3,SH0P7
shoplifting,131028588,4,SH0P7
shoplifting,131025027,1,SH0P7
shoplifting,131030962,2,SH0P7
shoplifting,131030531,4,SH0P7
shoplifting,131027351,3,SH0P7
shoplifting,131026004,2,SH0P7
shoplifting,131029461,3,SH0P7
shoplifting,131030359,1,SH0P7
shoplifting,131026920,4,SH0P7
shoplifting,131025959,1,SH0P7
shoplifting,131030519,3,SH0P7
shoplifting,131028028,4,SH0P7
shoplifting,131026500,1,SH0P7
shoplifting,131029104,2,SH0P7
shoplifting,131026379,3,SH0P7
shoplifting,131026491,4,SH0P7
shoplifting,131028027,1,SH0P7
shoplifting,131028026,3,SH0P7
shoplifting,131030917,4,SH0P7
shoplifting,131027730,2,SH0P7
shoplifting,131029382,1,SH0P7
shoplifting,131026174,4,SH0P7
shoplifting,131030177,2,SH0P7
theft-from-the-person,131029749,2,TFTP6
theft-from-the-person,131027083,4,TFTP6
vehicle-crime,131029820,3,VC8R1
vehicle-crime,131027089,1,VC8R1
vehicle-crime,131026374,4,VC8R1
vehicle-crime,131031678,2,VC8R1
vehicle-crime,131031676,4,VC8R1
vehicle-crime,131031586,3,VC8R1
vehicle-crime,131025210,2,VC8R1
vehicle-crime,131030903,1,VC8R1
vehicle-crime,131029025,4,VC8R1
vehicle-crime,131025539,2,VC8R1
vehicle-crime,131029469,1,VC8R1
vehicle-crime,131029718,3,VC8R1
vehicle-crime,131029321,4,VC8R1
violent-crime,131031988,1,VI0L4
violent-crime,131029560,3,VI0L4
violent-crime,131025911,4,VI0L4
violent-crime,131026250,3,VI0L4
violent-crime,131026437,1,VI0L4
violent-crime,131030587,4,VI0L4
violent-crime,131030756,2,VI0L4
violent-crime,131029959,3,VI0L4
violent-crime,131029161,2,VI0L4
violent-crime,131027944,1,VI0L4
violent-crime,131032185,4,VI0L4
violent-crime,131032057,1,VI0L4
violent-crime,131030768,2,VI0L4
violent-crime,131030482,3,VI0L4
violent-crime,131030229,1,VI0L4
violent-crime,131030140,4,VI0L4
violent-crime,131029597,1,VI0L4
violent-crime,131029480,3,VI0L4
violent-crime,131029304,2,VI0L4
violent-crime,131025649,4,VI0L4
violent-crime,131025103,1,VI0L4
violent-crime,131024785,2,VI0L4
violent-crime,131028059,4,VI0L4
violent-crime,131027792,3,VI0L4
violent-crime,131027948,1,VI0L4
violent-crime,131027641,2,VI0L4
violent-crime,131030029,3,VI0L4
violent-crime,131026686,4,VI0L4
violent-crime,131026395,2,VI0L4
violent-crime,131031867,4,VI0L4
violent-crime,131031623,1,VI0L4
violent-crime,131031190,3,VI0L4
violent-crime,131031138,4,VI0L4
violent-crime,131031040,2,VI0L4
violent-crime,131032222,3,VI0L4
violent-crime,131032083,1,VI0L4
violent-crime,131032071,4,VI0L4
violent-crime,131030861,3,VI0L4
violent-crime,131030247,2,VI0L4
violent-crime,131030448,1,VI0L4
violent-crime,131030213,3,VI0L4
violent-crime,131029651,4,VI0L4
violent-crime,131029903,1,VI0L4
violent-crime,131027750,3,VI0L4
violent-crime,131027767,2,VI0L4
violent-crime,131029434,4,VI0L4
violent-crime,131028196,3,VI0L4
violent-crime,131028300,1,VI0L4
violent-crime,131028462,4,VI0L4
violent-crime,131028872,2,VI0L4
violent-crime,131028920,1,VI0L4
violent-crime,131028982,3,VI0L4
violent-crime,131029075,4,VI0L4
violent-crime,131029402,2,VI0L4
violent-crime,131029404,1,VI0L4
violent-crime,131029566,3,VI0L4
violent-crime,131029668,4,VI0L4
violent-crime,131030053,2,VI0L4
violent-crime,131024787,1,VI0L4
violent-crime,131025058,3,VI0L4
violent-crime,131025263,2,VI0L4
violent-crime,131025321,4,VI0L4
violent-crime,131025477,1,VI0L4
violent-crime,131025699,3,VI0L4
violent-crime,131025822,2,VI0L4
violent-crime,131025968,4,VI0L4
violent-crime,131026111,2,VI0L4
violent-crime,131026245,3,VI0L4
violent-crime,131026247,4,VI0L4
violent-crime,131026264,3,VI0L4
violent-crime,131026709,1,VI0L4
violent-crime,131026913,4,VI0L4
violent-crime,131026937,2,VI0L4
violent-crime,131027001,3,VI0L4
violent-crime,131027105,1,VI0L4
violent-crime,131027123,4,VI0L4
violent-crime,131030427,2,VI0L4
violent-crime,131030435,3,VI0L4
violent-crime,131030525,1,VI0L4
violent-crime,131030663,4,VI0L4
violent-crime,131030771,2,VI0L4
violent-crime,131031015,1,VI0L4
violent-crime,131031047,4,VI0L4
violent-crime,131031064,3,VI0L4
violent-crime,131031139,2,VI0L4
violent-crime,131031216,4,VI0L4
violent-crime,131031295,2,VI0L4
violent-crime,131031341,3,VI0L4
violent-crime,131029591,4,VI0L4
violent-crime,131029188,2,VI0L4
violent-crime,131026941,1,VI0L4
violent-crime,131025707,3,VI0L4
violent-crime,131029494,4,VI0L4
violent-crime,131029296,1,VI0L4
violent-crime,131028783,2,VI0L4
violent-crime,131028773,3,VI0L4
violent-crime,131028689,4,VI0L4
violent-crime,131028668,1,VI0L4
violent-crime,131026040,2,VI0L4
violent-crime,131025906,3,VI0L4
violent-crime,131025914,4,VI0L4
violent-crime,131025835,3,VI0L4
violent-crime,131025828,1,VI0L4
violent-crime,131025730,2,VI0L4
violent-crime,131025456,4,VI0L4
violent-crime,131025346,3,VI0L4
violent-crime,131025810,1,VI0L4
violent-crime,131025169,2,VI0L4
violent-crime,131025151,3,VI0L4
violent-crime,131028504,4,VI0L4
violent-crime,131027841,2,VI0L4
violent-crime,131027760,1,VI0L4
violent-crime,131027456,3,VI0L4
violent-crime,131027085,4,VI0L4
violent-crime,131030943,2,VI0L4
violent-crime,131025146,1,VI0L4
violent-crime,131025545,4,VI0L4
other-crime,131028964,1,OC2R9
other-crime,131026936,3,OC2R9
other-crime,131029294,4,OC2R9
other-crime,131025903,2,OC2R9
other-crime,131029090,1,OC2R9
other-crime,131028965,3,OC2R9
other-crime,131030057,1,OC2R9
other-crime,131025526,4,OC2R9
other-crime,131029150,2,OC2R9
other-crime,131029083,4,OC2R9
other-crime,131028573,3,OC2R9
other-crime,131024901,1,OC2R9
other-crime,131025839,4,OC2R9
other-crime,131031537,2,OC2R9
other-crime,131031509,3,OC2R9
